{
  "name": "Edit Image",
  "nodes": [
    {
      "parameters": {
        "workflowInputs": {
          "values": [
            {
              "name": "image"
            },
            {
              "name": "request"
            },
            {
              "name": "chatID"
            },
            {
              "name": "pictureID"
            }
          ]
        }
      },
      "type": "n8n-nodes-base.executeWorkflowTrigger",
      "typeVersion": 1.1,
      "position": [
        -944,
        208
      ],
      "id": "5c120571-413f-418d-94b5-923f7ee45935",
      "name": "When Executed by Another Workflow"
    },
    {
      "parameters": {
        "method": "POST",
        "url": "https://api.openai.com/v1/images/edits",
        "authentication": "genericCredentialType",
        "genericAuthType": "httpHeaderAuth",
        "sendBody": true,
        "contentType": "multipart-form-data",
        "bodyParameters": {
          "parameters": [
            {
              "parameterType": "formBinaryData",
              "name": "image",
              "inputDataFieldName": "data"
            },
            {
              "name": "prompt",
              "value": "={{ $('When Executed by Another Workflow').item.json.request.replace(/\"/g, '') }}"
            },
            {
              "name": "model",
              "value": "gpt-image-1"
            },
            {
              "name": "size",
              "value": "1024x1024"
            }
          ]
        },
        "options": {}
      },
      "type": "n8n-nodes-base.httpRequest",
      "typeVersion": 4.2,
      "position": [
        -416,
        208
      ],
      "id": "5ec78700-e543-49ff-bba4-0fc9ac3a508b",
      "name": "Edit Image",
      "credentials": {
        "httpHeaderAuth": {
          "id": "8Zth53xlY0DHpARF",
          "name": "OpenaAI Image"
        }
      }
    },
    {
      "parameters": {
        "operation": "toBinary",
        "sourceProperty": "data[0].b64_json",
        "options": {}
      },
      "type": "n8n-nodes-base.convertToFile",
      "typeVersion": 1.1,
      "position": [
        -208,
        208
      ],
      "id": "f258ebd1-50d4-4f75-8cec-46d5e9cd0458",
      "name": "Convert to File"
    },
    {
      "parameters": {
        "operation": "append",
        "documentId": {
          "__rl": true,
          "value": "1ECZmzfaZ7QU3DxLFzP6M_i_2ImeCncZAGt7-mIph9Fg",
          "mode": "list",
          "cachedResultName": "Marketing Team Log",
          "cachedResultUrl": "https://docs.google.com/spreadsheets/d/1ECZmzfaZ7QU3DxLFzP6M_i_2ImeCncZAGt7-mIph9Fg/edit?usp=drivesdk"
        },
        "sheetName": {
          "__rl": true,
          "value": "gid=0",
          "mode": "list",
          "cachedResultName": "Full 1",
          "cachedResultUrl": "https://docs.google.com/spreadsheets/d/1ECZmzfaZ7QU3DxLFzP6M_i_2ImeCncZAGt7-mIph9Fg/edit#gid=0"
        },
        "columns": {
          "mappingMode": "defineBelow",
          "value": {
            "Request": "={{ $('When Executed by Another Workflow').item.json.request }}",
            "ID": "={{ $json.id }}",
            "Link": "={{ $json.webViewLink }}",
            "Title": "={{ $('When Executed by Another Workflow').item.json.image }}",
            "Type": "Edit"
          },
          "matchingColumns": [],
          "schema": [
            {
              "id": "Title",
              "displayName": "Title",
              "required": false,
              "defaultMatch": false,
              "display": true,
              "type": "string",
              "canBeUsedToMatch": true,
              "removed": false
            },
            {
              "id": "Type",
              "displayName": "Type",
              "required": false,
              "defaultMatch": false,
              "display": true,
              "type": "string",
              "canBeUsedToMatch": true,
              "removed": false
            },
            {
              "id": "Request",
              "displayName": "Request",
              "required": false,
              "defaultMatch": false,
              "display": true,
              "type": "string",
              "canBeUsedToMatch": true
            },
            {
              "id": "ID",
              "displayName": "ID",
              "required": false,
              "defaultMatch": false,
              "display": true,
              "type": "string",
              "canBeUsedToMatch": true
            },
            {
              "id": "Link",
              "displayName": "Link",
              "required": false,
              "defaultMatch": false,
              "display": true,
              "type": "string",
              "canBeUsedToMatch": true
            },
            {
              "id": "Post",
              "displayName": "Post",
              "required": false,
              "defaultMatch": false,
              "display": true,
              "type": "string",
              "canBeUsedToMatch": true,
              "removed": false
            }
          ],
          "attemptToConvertTypes": false,
          "convertFieldsToString": false
        },
        "options": {}
      },
      "type": "n8n-nodes-base.googleSheets",
      "typeVersion": 4.5,
      "position": [
        352,
        352
      ],
      "id": "76c64793-33dc-4f0e-875d-e3636b593e1c",
      "name": "Image Log",
      "credentials": {
        "googleSheetsOAuth2Api": {
          "id": "x1naeHSB0gbVrSe2",
          "name": "MK Grau"
        }
      }
    },
    {
      "parameters": {
        "name": "={{ $('When Executed by Another Workflow').item.json.image }} (Edited).png",
        "driveId": {
          "__rl": true,
          "value": "My Drive",
          "mode": "list",
          "cachedResultName": "My Drive",
          "cachedResultUrl": "https://drive.google.com/drive/my-drive"
        },
        "folderId": {
          "__rl": true,
          "value": "1R981rX2NssPygEKkchHHa2UK-gKZD-7Q",
          "mode": "list",
          "cachedResultName": "AI Image Generation",
          "cachedResultUrl": "https://drive.google.com/drive/folders/1R981rX2NssPygEKkchHHa2UK-gKZD-7Q"
        },
        "options": {}
      },
      "type": "n8n-nodes-base.googleDrive",
      "typeVersion": 3,
      "position": [
        112,
        352
      ],
      "id": "826c20bf-e5e2-454b-81a4-83930cab0321",
      "name": "Upload Image",
      "credentials": {
        "googleDriveOAuth2Api": {
          "id": "C1x8J16zPITwznK3",
          "name": "MK Grau"
        }
      }
    },
    {
      "parameters": {
        "content": "# Edit Image\n",
        "height": 260,
        "width": 460,
        "color": 5
      },
      "type": "n8n-nodes-base.stickyNote",
      "typeVersion": 1,
      "position": [
        -496,
        128
      ],
      "id": "05e8d0e0-31cf-47e5-bbb0-c8a2af015b5f",
      "name": "Sticky Note1"
    },
    {
      "parameters": {
        "content": "# Send Content",
        "height": 240,
        "width": 300,
        "color": 6
      },
      "type": "n8n-nodes-base.stickyNote",
      "typeVersion": 1,
      "position": [
        0,
        0
      ],
      "id": "99d72ec5-6588-4256-8ef2-3b42bae0d251",
      "name": "Sticky Note7"
    },
    {
      "parameters": {
        "content": "# Write to Drive & Sheets",
        "height": 240,
        "width": 540,
        "color": 6
      },
      "type": "n8n-nodes-base.stickyNote",
      "typeVersion": 1,
      "position": [
        0,
        272
      ],
      "id": "b56e4be8-8d35-453a-abba-de6a17f0a655",
      "name": "Sticky Note6"
    },
    {
      "parameters": {
        "content": "# Trigger\n",
        "height": 260,
        "width": 260,
        "color": 7
      },
      "type": "n8n-nodes-base.stickyNote",
      "typeVersion": 1,
      "position": [
        -1024,
        128
      ],
      "id": "fc0594c3-2969-448d-bd1c-d4271e6dc181",
      "name": "Sticky Note5",
      "disabled": true
    },
    {
      "parameters": {
        "content": "# Download\n",
        "height": 260,
        "width": 220,
        "color": 3
      },
      "type": "n8n-nodes-base.stickyNote",
      "typeVersion": 1,
      "position": [
        -736,
        128
      ],
      "id": "92353dc9-ff51-4814-ad7b-90ad1f105481",
      "name": "Sticky Note4"
    },
    {
      "parameters": {
        "operation": "sendPhoto",
        "chatId": "={{ $('When Executed by Another Workflow').item.json.chatID }}",
        "binaryData": true,
        "additionalFields": {}
      },
      "type": "n8n-nodes-base.telegram",
      "typeVersion": 1.2,
      "position": [
        112,
        80
      ],
      "id": "869bbc7d-f692-44c5-aec7-2bfcc230e39b",
      "name": "Send Photo",
      "webhookId": "85dc0064-e5c5-45a9-91a5-60e5b2bc4f1e",
      "credentials": {
        "telegramApi": {
          "id": "yrcaSdqxk7LrMYCx",
          "name": "Telegram account"
        }
      }
    },
    {
      "parameters": {
        "operation": "download",
        "fileId": {
          "__rl": true,
          "value": "={{ $json.pictureID }}",
          "mode": "id"
        },
        "options": {}
      },
      "type": "n8n-nodes-base.googleDrive",
      "typeVersion": 3,
      "position": [
        -688,
        208
      ],
      "id": "4162028d-5a61-4ea8-919b-841b96eee9eb",
      "name": "Download",
      "credentials": {
        "googleDriveOAuth2Api": {
          "id": "C1x8J16zPITwznK3",
          "name": "MK Grau"
        }
      }
    }
  ],
  "pinData": {},
  "connections": {
    "When Executed by Another Workflow": {
      "main": [
        [
          {
            "node": "Download",
            "type": "main",
            "index": 0
          }
        ]
      ]
    },
    "Edit Image": {
      "main": [
        [
          {
            "node": "Convert to File",
            "type": "main",
            "index": 0
          }
        ]
      ]
    },
    "Convert to File": {
      "main": [
        [
          {
            "node": "Send Photo",
            "type": "main",
            "index": 0
          },
          {
            "node": "Upload Image",
            "type": "main",
            "index": 0
          }
        ]
      ]
    },
    "Upload Image": {
      "main": [
        [
          {
            "node": "Image Log",
            "type": "main",
            "index": 0
          }
        ]
      ]
    },
    "Download": {
      "main": [
        [
          {
            "node": "Edit Image",
            "type": "main",
            "index": 0
          }
        ]
      ]
    },
    "Send Photo": {
      "main": [
        []
      ]
    }
  },
  "active": false,
  "settings": {
    "executionOrder": "v1"
  },
  "versionId": "a0e4974b-e990-4c3a-ae38-7f86974486b0",
  "meta": {
    "templateCredsSetupCompleted": true,
    "instanceId": "924b306ea1107a5cb6e15b8c3a09a56a235e2267adafd2b95d9a109e20434cb2"
  },
  "id": "sSq0wXbLYpxrSiJ5",
  "tags": []
}