{
  "name": "Search Images",
  "nodes": [
    {
      "parameters": {
        "options": {}
      },
      "type": "@n8n/n8n-nodes-langchain.lmChatOpenRouter",
      "typeVersion": 1,
      "position": [
        -736,
        560
      ],
      "id": "56e0e83e-1d1e-4aab-96ad-2cf04508bb8b",
      "name": "GPT 4.1 mini",
      "credentials": {
        "openRouterApi": {
          "id": "bVdVugQPb7fo5S4p",
          "name": "MK Grau API"
        }
      }
    },
    {
      "parameters": {
        "documentId": {
          "__rl": true,
          "value": "1ECZmzfaZ7QU3DxLFzP6M_i_2ImeCncZAGt7-mIph9Fg",
          "mode": "list",
          "cachedResultName": "Marketing Team Log",
          "cachedResultUrl": "https://docs.google.com/spreadsheets/d/1ECZmzfaZ7QU3DxLFzP6M_i_2ImeCncZAGt7-mIph9Fg/edit?usp=drivesdk"
        },
        "sheetName": {
          "__rl": true,
          "value": "gid=0",
          "mode": "list",
          "cachedResultName": "Full 1",
          "cachedResultUrl": "https://docs.google.com/spreadsheets/d/1ECZmzfaZ7QU3DxLFzP6M_i_2ImeCncZAGt7-mIph9Fg/edit#gid=0"
        },
        "options": {}
      },
      "type": "n8n-nodes-base.googleSheetsTool",
      "typeVersion": 4.5,
      "position": [
        -608,
        560
      ],
      "id": "ea811019-9116-4260-b548-79dd7164c85b",
      "name": "Image Database",
      "credentials": {
        "googleSheetsOAuth2Api": {
          "id": "x1naeHSB0gbVrSe2",
          "name": "MK Grau"
        }
      }
    },
    {
      "parameters": {
        "workflowInputs": {
          "values": [
            {
              "name": "intent"
            },
            {
              "name": "image"
            },
            {
              "name": "chatID"
            }
          ]
        }
      },
      "type": "n8n-nodes-base.executeWorkflowTrigger",
      "typeVersion": 1.1,
      "position": [
        -880,
        304
      ],
      "id": "6d74d77c-244e-4271-8b46-4c73c03cd3f9",
      "name": "When Executed by Another Workflow"
    },
    {
      "parameters": {
        "promptType": "define",
        "text": "=Image: {{ $json.image }}",
        "hasOutputParser": true,
        "options": {
          "systemMessage": "=# Overview\nYou are an Image Retrieval Agent. When the user provides a query, your task is to search the \"Image Database\" using the keywords from the query. Locate the most relevant matching image.\n\n## Output\n- Return the name, ID, and the Link of the image\n- If no image is found, output \"Not Found\"\n"
        }
      },
      "type": "@n8n/n8n-nodes-langchain.agent",
      "typeVersion": 1.9,
      "position": [
        -608,
        304
      ],
      "id": "138c7235-7ec0-4754-98fd-18436c3f5c66",
      "name": "Image Search Agent"
    },
    {
      "parameters": {
        "assignments": {
          "assignments": [
            {
              "id": "44c36e1d-19e8-4411-bd3d-86c5144ecb14",
              "name": "response",
              "value": "Image wasn't found in the database",
              "type": "string"
            }
          ]
        },
        "options": {}
      },
      "type": "n8n-nodes-base.set",
      "typeVersion": 3.4,
      "position": [
        48,
        48
      ],
      "id": "411f74f1-015e-4c72-abf4-e8ab2b584400",
      "name": "Not Found"
    },
    {
      "parameters": {
        "conditions": {
          "options": {
            "caseSensitive": true,
            "leftValue": "",
            "typeValidation": "strict",
            "version": 2
          },
          "conditions": [
            {
              "id": "a5a9fd85-2403-423e-92a2-d3ba20db83d9",
              "leftValue": "={{ $('When Executed by Another Workflow').first().json.intent }}",
              "rightValue": "Get",
              "operator": {
                "type": "string",
                "operation": "equals",
                "name": "filter.operator.equals"
              }
            }
          ],
          "combinator": "and"
        },
        "options": {}
      },
      "type": "n8n-nodes-base.if",
      "typeVersion": 2.2,
      "position": [
        64,
        304
      ],
      "id": "71665ad1-5338-4fc2-bedb-4a3df9ae01a2",
      "name": "Get?"
    },
    {
      "parameters": {
        "conditions": {
          "options": {
            "caseSensitive": true,
            "leftValue": "",
            "typeValidation": "strict",
            "version": 2
          },
          "conditions": [
            {
              "id": "85e307aa-0bb8-40f1-b62e-5b36c231b0af",
              "leftValue": "={{ $json.output.status }}",
              "rightValue": "Not Found",
              "operator": {
                "type": "string",
                "operation": "equals",
                "name": "filter.operator.equals"
              }
            }
          ],
          "combinator": "and"
        },
        "options": {}
      },
      "type": "n8n-nodes-base.if",
      "typeVersion": 2.2,
      "position": [
        -208,
        304
      ],
      "id": "703f491a-0c5d-4312-a3c6-be108c7a9a02",
      "name": "Not Found?"
    },
    {
      "parameters": {
        "operation": "download",
        "fileId": {
          "__rl": true,
          "value": "={{ $json.output.image_id }}",
          "mode": "id"
        },
        "options": {}
      },
      "type": "n8n-nodes-base.googleDrive",
      "typeVersion": 3,
      "position": [
        320,
        304
      ],
      "id": "a8665e12-8919-4477-8e48-7afad6aa7b82",
      "name": "Download File",
      "credentials": {
        "googleDriveOAuth2Api": {
          "id": "C1x8J16zPITwznK3",
          "name": "MK Grau"
        }
      }
    },
    {
      "parameters": {
        "content": "# Trigger\n",
        "height": 260,
        "width": 260,
        "color": 7
      },
      "type": "n8n-nodes-base.stickyNote",
      "typeVersion": 1,
      "position": [
        -960,
        224
      ],
      "id": "b9fd642d-33a7-4722-baaf-eeaba26fce3a",
      "name": "Sticky Note5",
      "disabled": true
    },
    {
      "parameters": {
        "content": "## Tool & Model",
        "height": 200,
        "width": 280,
        "color": 7
      },
      "type": "n8n-nodes-base.stickyNote",
      "typeVersion": 1,
      "position": [
        -768,
        512
      ],
      "id": "7f3cf87d-a27d-48c5-bee8-4e0ab86acbcd",
      "name": "Sticky Note2"
    },
    {
      "parameters": {
        "content": "# Image Search\n",
        "height": 260,
        "width": 380,
        "color": 3
      },
      "type": "n8n-nodes-base.stickyNote",
      "typeVersion": 1,
      "position": [
        -688,
        224
      ],
      "id": "05c854ef-c405-41fe-b773-7891f3a89df0",
      "name": "Sticky Note4"
    },
    {
      "parameters": {
        "content": "## Structured Output",
        "height": 200,
        "color": 7
      },
      "type": "n8n-nodes-base.stickyNote",
      "typeVersion": 1,
      "position": [
        -464,
        512
      ],
      "id": "759fac5b-4364-4f53-aef6-4f9521f91df4",
      "name": "Sticky Note3"
    },
    {
      "parameters": {
        "jsonSchemaExample": "{\n  \"image_name\":\"string | null\",\n  \"image_id\": \"string | null\",\n  \"image_link\": \"string | null\",\n  \"status\": \"found | not_found\"\n}\n"
      },
      "type": "@n8n/n8n-nodes-langchain.outputParserStructured",
      "typeVersion": 1.2,
      "position": [
        -384,
        560
      ],
      "id": "d7040dab-d9b3-4120-9a1c-11b5c5c38405",
      "name": "Name, ID, & Link"
    },
    {
      "parameters": {
        "content": "# Not Found?",
        "height": 260,
        "width": 260,
        "color": 2
      },
      "type": "n8n-nodes-base.stickyNote",
      "typeVersion": 1,
      "position": [
        -288,
        224
      ],
      "id": "b96dedf5-3235-4dae-ac40-68b4cdd8c989",
      "name": "Sticky Note"
    },
    {
      "parameters": {
        "content": "",
        "height": 200,
        "width": 180,
        "color": 7
      },
      "type": "n8n-nodes-base.stickyNote",
      "typeVersion": 1,
      "position": [
        0,
        0
      ],
      "id": "6a04a344-f4a7-4d19-ae44-115b545480bf",
      "name": "Sticky Note1"
    },
    {
      "parameters": {
        "content": "# Get?",
        "height": 260,
        "color": 2
      },
      "type": "n8n-nodes-base.stickyNote",
      "typeVersion": 1,
      "position": [
        0,
        224
      ],
      "id": "2ebc131e-28b2-479b-8bde-c2773a4fb464",
      "name": "Sticky Note6"
    },
    {
      "parameters": {
        "assignments": {
          "assignments": [
            {
              "id": "be32fa20-d1e6-4831-a266-5991e5c4eb1e",
              "name": "imageName",
              "value": "={{ $json.output.image_name }}",
              "type": "string"
            },
            {
              "id": "10b5ddb9-a482-46a7-962f-8e18533d90d5",
              "name": "imageID",
              "value": "={{ $json.output.image_id }}",
              "type": "string"
            }
          ]
        },
        "options": {}
      },
      "type": "n8n-nodes-base.set",
      "typeVersion": 3.4,
      "position": [
        304,
        544
      ],
      "id": "53ab5218-b02c-40f7-b48a-2e73fb0a1b53",
      "name": "Edit"
    },
    {
      "parameters": {
        "content": "",
        "height": 200,
        "width": 180,
        "color": 7
      },
      "type": "n8n-nodes-base.stickyNote",
      "typeVersion": 1,
      "position": [
        272,
        512
      ],
      "id": "5adbc815-c51e-4d0e-8c3a-5aeb87a152aa",
      "name": "Sticky Note7"
    },
    {
      "parameters": {
        "content": "# Send Content",
        "height": 260,
        "width": 280,
        "color": 6
      },
      "type": "n8n-nodes-base.stickyNote",
      "typeVersion": 1,
      "position": [
        512,
        224
      ],
      "id": "599cc39f-cd2f-4647-8bb1-311e61f90977",
      "name": "Sticky Note8"
    },
    {
      "parameters": {
        "content": "# Download\n",
        "height": 260,
        "width": 220,
        "color": 5
      },
      "type": "n8n-nodes-base.stickyNote",
      "typeVersion": 1,
      "position": [
        272,
        224
      ],
      "id": "4f1eda6b-646d-4f25-9fee-c94d4139d53e",
      "name": "Sticky Note9"
    },
    {
      "parameters": {
        "operation": "sendPhoto",
        "chatId": "={{ $('When Executed by Another Workflow').item.json.chatID }}",
        "binaryData": true,
        "additionalFields": {}
      },
      "type": "n8n-nodes-base.telegram",
      "typeVersion": 1.2,
      "position": [
        592,
        304
      ],
      "id": "3116008c-eb81-4b68-a7ba-8ceff3ff746a",
      "name": "Send Photo",
      "webhookId": "85dc0064-e5c5-45a9-91a5-60e5b2bc4f1e",
      "credentials": {
        "telegramApi": {
          "id": "yrcaSdqxk7LrMYCx",
          "name": "Telegram account"
        }
      }
    }
  ],
  "pinData": {},
  "connections": {
    "GPT 4.1 mini": {
      "ai_languageModel": [
        [
          {
            "node": "Image Search Agent",
            "type": "ai_languageModel",
            "index": 0
          }
        ]
      ]
    },
    "Image Database": {
      "ai_tool": [
        [
          {
            "node": "Image Search Agent",
            "type": "ai_tool",
            "index": 0
          }
        ]
      ]
    },
    "When Executed by Another Workflow": {
      "main": [
        [
          {
            "node": "Image Search Agent",
            "type": "main",
            "index": 0
          }
        ]
      ]
    },
    "Image Search Agent": {
      "main": [
        [
          {
            "node": "Not Found?",
            "type": "main",
            "index": 0
          }
        ]
      ]
    },
    "Not Found?": {
      "main": [
        [
          {
            "node": "Not Found",
            "type": "main",
            "index": 0
          }
        ],
        [
          {
            "node": "Get?",
            "type": "main",
            "index": 0
          }
        ]
      ]
    },
    "Get?": {
      "main": [
        [
          {
            "node": "Download File",
            "type": "main",
            "index": 0
          }
        ],
        [
          {
            "node": "Edit",
            "type": "main",
            "index": 0
          }
        ]
      ]
    },
    "Download File": {
      "main": [
        [
          {
            "node": "Send Photo",
            "type": "main",
            "index": 0
          }
        ]
      ]
    },
    "Name, ID, & Link": {
      "ai_outputParser": [
        [
          {
            "node": "Image Search Agent",
            "type": "ai_outputParser",
            "index": 0
          }
        ]
      ]
    }
  },
  "active": false,
  "settings": {
    "executionOrder": "v1"
  },
  "versionId": "0f47bc1b-4bd1-43ed-99c2-147f49d1348b",
  "meta": {
    "templateCredsSetupCompleted": true,
    "instanceId": "924b306ea1107a5cb6e15b8c3a09a56a235e2267adafd2b95d9a109e20434cb2"
  },
  "id": "ozBaMkMbADT46zPp",
  "tags": []
}